Algorithm,train_time_avg,train_time_std,test_time_avg,test_time_std,train_loss_avg,train_loss_std,val_loss_avg,val_loss_std,test_acc_avg,test_acc_std
Base,64.00262394,3.198685768,1.237067878,0.044792443,0.448334184,0.037491564,1.246766776,0.199865329,0.775,0.038454625
BatchNorm,81.40974067,2.676848047,1.21152089,0.025927157,0.375533429,0.044994991,1.853592944,0.37984017,0.750882357,0.028212471
FC4,64.78681348,1.470246502,1.392770196,0.030930012,0.464780304,0.040989689,1.281213474,0.293379782,0.767941177,0.042923945
GreyEdge,91.52465947,1.458145933,1.92284931,0.057548307,0.477871624,0.056764034,1.823080647,0.31009238,0.678235292,0.040451127
GreyWorld,65.45697462,1.750347624,1.162266267,0.016969307,0.457446215,0.059454102,1.268958485,0.145099021,0.758823526,0.038272987
WhitePatch,81.98627043,2.005931531,2.002421298,0.054365924,0.451070985,0.038951598,1.399471414,0.435566001,0.757647055,0.053969672
