Algorithm,Trial,train_time,test_time,train_acc,train_loss,val_acc,val_loss,test_acc,test_loss
Base,0,97.7084813899128,0.70379782107193,1,2.82581908095381E-07,0.841176450252533,1.05838191509247,0.852941155433655,1.23025226593018
BatchNorm,0,186.087597490987,0.71084037295077,1,9.71696863416582E-07,0.773529410362244,2.19516038894653,0.767647087574005,1.75176179409027
GreyWorld,0,77.7272612859961,0.68840761994943,1,1.78462158828552E-07,0.850000023841858,1.03691005706787,0.855882346630096,1.02777802944183
GreyEdge,0,93.4963700380176,1.27334143093322,1,3.95095230487641E-06,0.802941203117371,1.60450851917267,0.805882334709168,1.36624491214752
WhitePatch,0,89.1793085269164,0.742908847983927,1,1.3462413335219E-05,0.832352936267853,1.16810035705566,0.864705860614777,0.801412880420685
FC4,0,91.542544092983,0.714133940986358,1,0.000759407528676093,0.835294127464294,1.00798082351685,0.820588231086731,0.987198054790497
