Algorithm,train_time,test_time,train_acc,train_loss,val_acc,val_loss,test_acc,test_loss
Base,97.70848139,0.703797821,1,2.82582E-07,0.84117645,1.058381915,0.852941155,1.230252266
BatchNorm,186.0875975,0.710840373,1,9.71697E-07,0.77352941,2.195160389,0.767647088,1.751761794
FC4,91.54254409,0.714133941,1,0.000759408,0.835294127,1.007980824,0.820588231,0.987198055
GreyEdge,93.49637004,1.273341431,1,3.95095E-06,0.802941203,1.604508519,0.805882335,1.366244912
GreyWorld,77.72726129,0.68840762,1,1.78462E-07,0.850000024,1.036910057,0.855882347,1.027778029
WhitePatch,89.17930853,0.742908848,1,1.34624E-05,0.832352936,1.168100357,0.864705861,0.80141288
